{"schemaVersion":"1.0","appDefinitionTemplate":{"id":"/providers/Microsoft.PowerApps/apps/","type":"Microsoft.PowerApps/apps","tags":{"primaryDeviceWidth":"1366","primaryDeviceHeight":"768","supportsPortrait":"true","supportsLandscape":"true","primaryFormFactor":"Tablet","showStatusBar":"false","publisherVersion":"3.24052.29","minimumRequiredApiVersion":"2.2.0","hasComponent":"false","hasUnlockedComponent":"false","isUnifiedRootApp":"false","offlineLargeFilesSupport":"false","sienaVersion":"20240531T052923Z-3.24052.29.0"},"properties":{"appVersion":"2024-05-31T05:29:23Z","lifeCycleId":"Published","createdByClientVersion":{"major":3,"minor":24052,"build":29,"revision":0,"majorRevision":0,"minorRevision":0},"minClientVersion":{"major":3,"minor":24052,"build":29,"revision":0,"majorRevision":0,"minorRevision":0},"backgroundColor":"RGBA(0,176,240,1)","backgroundImageUri":"/6797283938003414373/Ndf0c0481-48a5-4d36-b7ab-578586a5fbdc-logoSmallFile","displayName":"FoxTail","description":"","commitMessage":"","appUris":{"documentUri":{"value":"/6797283938003414373/N53e32e50-c680-4fd8-95f0-d2fbf20c4dc9-document.msapp"},"imageUris":[],"additionalUris":[{"isSolutionAware":false,"value":"/6797283938003414373/N4808623e-d70c-40b7-9371-547250c8b830-identity.json"}]},"createdTime":"0001-01-01T00:00:00Z","lastModifiedTime":"0001-01-01T00:00:00Z","sharedGroupsCount":0,"sharedUsersCount":0,"connectionReferences":{"d1df1fef-2049-4708-9a07-b1eb77c6e840":{"id":"e1297be4-4833-4f89-9b49-b21e619134fc","displayName":"SharePoint","iconUri":"https://connectoricons-prod.azureedge.net/releases/v1.0.1685/1.0.1685.3700/sharepointonline/icon.png","dataSources":["DF_Prospeccao","AG_solicitantes"],"dependencies":[],"dependents":[],"parameterHints":{},"parameterHintsV2":{},"isOnPremiseConnection":false,"bypassConsent":false,"dataSets":{"https://acadcruzeirodosul.sharepoint.com/sites/SiteTeste2":{"dataSources":{"DF_Prospeccao":{"tableName":"9a212514-195a-4134-bf31-4d2121af9016"},"AG_solicitantes":{"tableName":"c1e17757-e01b-48f9-aa59-75403ef6ef7c"}}}},"apiTier":"Standard","isCustomApiConnection":false,"actions":["providers/PowerPlatform.Governance/Operations/Read"]}},"databaseReferences":{"default.cds":{"databaseDetails":{"referenceType":"Environmental","environmentName":"default.cds","overrideValues":{"status":"NotSpecified","environmentVariableName":""}},"dataSources":{"Colaboradores":{"entitySetName":"cr6e9_colaboradoreses","logicalName":"cr6e9_colaboradores","isHidden":false}}}},"almMode":"Environment","performanceOptimizationEnabled":true,"canConsumeAppPass":true,"enableModernRuntimeMode":false,"executionRestrictions":{"isTeamsOnly":false,"dataLossPreventionEvaluationResult":{"status":"Compliant","lastEvaluationDate":"2024-02-13T19:26:58.7112974Z","violations":[],"violationsByPolicy":[],"violationErrorMessage":"O aplicativo usa os seguintes conectores: ."}}},"appType":"ClassicCanvasApp","appComponents":[]}}